<?xml version='1.0' encoding='UTF-8' ?>
<timeLogEntries>
  <time id="44" start="@1525450227000" flag="M" />
  <time id="45" start="@1525556490000" flag="M" />
  <time id="46" start="@1526085216000" flag="M" />
  <time id="47" start="@1526163976000" flag="M" />
  <time id="48" start="@1526232909000" flag="M" />
  <time id="49" start="@1526329225000" flag="M" />
  <time id="50" start="@1526395584000" flag="M" />
  <time id="51" start="@1526521704000" flag="M" />
  <time id="52" start="@1526561824000" flag="M" />
  <time id="53" start="@1526693354000" flag="M" />
  <time id="57" start="@1526762535000" flag="M" />
  <time id="63" start="@1526831369000" flag="M" />
  <time id="64" start="@1526945419000" flag="M" />
  <time id="65" start="@1526998333000" flag="M" />
  <time id="73" start="@1527175545000" flag="M" />
  <time id="72" start="@1527126927000" flag="M" />
  <time id="74" start="@1527262030000" flag="M" />
  <time id="75" start="@1527354342000" flag="M" />
  <time id="76" start="@1527358650000" flag="M" />
  <time id="77" start="@1527361074000" flag="M" />
  <time id="78" start="@1527464036000" flag="M" />
  <time id="79" start="@1527531618000" flag="M" />
  <time id="80" start="@1527545044000" flag="M" />
  <time id="81" start="@1527550974000" flag="M" />
  <time id="82" start="@1527606373000" flag="M" />
  <time id="83" start="@1527642333000" flag="M" />
  <time id="84" start="@1527650073000" flag="M" />
  <time id="85" flag="D" />
  <time id="86" flag="D" />
</timeLogEntries>
