<?xml version='1.0' encoding='UTF-8' ?>
<timeLogEntries>
  <time id="1" path="/LabArboles-A00130568/PSP0/Planning" start="@1521821079000" delta="102" />
  <time id="2" path="/LabArboles-A00130568/PSP0/Design" start="@1522530945000" delta="82" />
  <time id="3" path="/LabArboles-A00130568/PSP0/Design" start="@1523031847000" delta="48" />
  <time id="4" path="/LabArboles-A00130568/PSP0/Design" start="@1524240529000" delta="63" />
  <time id="5" path="/LabArboles-A00130568/PSP0/Code" start="@1524344192000" delta="91" />
  <time id="6" path="/LabArboles-A00130568/PSP0/Code" start="@1524524797000" delta="147" />
  <time id="7" path="/LabArboles-A00130568/PSP0/Code" start="@1524779706000" delta="133" />
  <time id="8" path="/LabArboles-A00130568/PSP0/Test" start="@1524771691000" delta="109" />
</timeLogEntries>
