<?xml version='1.0' encoding='UTF-8' ?>
<timeLogEntries>
  <time path="/new&#10;/David-Bolivar_DASH_PROYECTO_FINAL" flag="R" />
  <time id="9" path="/David-Bolivar_DASH_PROYECTO_FINAL/PSP0/Planning" start="@1527612057000" delta="82" flag="A" />
  <time id="10" path="/David-Bolivar_DASH_PROYECTO_FINAL/PSP0/Design" start="@1525843365000" delta="137" flag="A" />
  <time id="11" path="/David-Bolivar_DASH_PROYECTO_FINAL/PSP0/Code" start="@1526150040000" delta="169" flag="A" />
  <time id="12" path="/David-Bolivar_DASH_PROYECTO_FINAL/PSP0/Code" start="@1526505414000" delta="189" flag="A" />
  <time id="13" path="/David-Bolivar_DASH_PROYECTO_FINAL/PSP0/Design" start="@1526770875000" delta="94" flag="A" />
  <time id="14" path="/David-Bolivar_DASH_PROYECTO_FINAL/PSP0/Code" start="@1527610671000" delta="158" flag="A" />
  <time id="15" path="/David-Bolivar_DASH_PROYECTO_FINAL/PSP0/Code" start="@1527621218000" delta="265" flag="A" />
</timeLogEntries>
